{
  "project_info": {
    "project_number": "864674947293",
    "project_id": "touzouz-adnane-projet-2e488",
    "storage_bucket": "touzouz-adnane-projet-2e488.appspot.com"
  },
  "client": [
    {
      "client_info": {
        "mobilesdk_app_id": "1:864674947293:android:5d587a7f3c5fcba7dc7b34",
        "android_client_info": {
          "package_name": "com.example.touzouz_adnane_projet"
        }
      },
      "oauth_client": [
        {
          "client_id": "864674947293-m9f5mi9lsu0hleopdktakfntrfnk3ehj.apps.googleusercontent.com",
          "client_type": 3
        }
      ],
      "api_key": [
        {
          "current_key": "AIzaSyCUmNTKfxLAUdhM--JxE4tQyPxWJtfyG8c"
        }
      ],
      "services": {
        "appinvite_service": {
          "other_platform_oauth_client": [
            {
              "client_id": "864674947293-m9f5mi9lsu0hleopdktakfntrfnk3ehj.apps.googleusercontent.com",
              "client_type": 3
            }
          ]
        }
      }
    }
  ],
  "configuration_version": "1"
}